{
  "users": [],
  "content": {
    "series": [
      "Stranger Things — ஒரு சிறந்த ஸைஃபை ஹாரர் தொடர், குடும்பம் மற்றும் நண்பர்கள் உறவுகளை அழகாக சொல்லும்.",
      "Breaking Bad — ஒரு வைத்தியர் எப்படி களவாளியாக மாறுகிறான் என்பதை சொல்வது.",
      "Dark — ஜெர்மன் டைம்-டிராவல் மிஸ்டிரி; சுற்றி வரும் காலச் சிக்கல்கள்.",
      "Money Heist — பல்வேறு திருப்பங்களுடன் நிறைந்த ஸ்பானிஷ் ஹைஸ்ட் நாடகம்.",
      "The Witcher — மாய உலகம், மான்ஸ்டர்கள் மற்றும் விதியுடன் போராடும் கதை.",
      "Peaky Blinders — ப்ரிட்டிஷ் காங்ஸ்டர் குடும்ப கதை, ஸ்டைலும் ஸ்டோரி டெலிங்கும் சிறப்பு.",
      "The Boys — சூப்பர் ஹீரோக்களின் இருண்ட மூலைகளை வெளிப்படுத்தும் சாடரிக்கல் ஆக்ஷன்.",
      "Chernobyl — உண்மை சம்பவத்தை அடிப்படையாகக் கொண்ட தீவிரமான மினி-சீரிஸ்.",
      "The Last of Us — உண்மைபோன்ற உணர்வுகளுடன் உருவாக்கப்பட்ட போஸ்ட்-அப்போக்கலிப்ஸ் கதை.",
      "Sherlock — ஷெர்லாக் ஹோம்ஸ் கதையின் நவீன மறுபிறப்பு.",
      "Narcos — கார்டெல் உலகை ஆழமாக காட்டும் சிரிஷ் சீரிஸ்.",
      "The Crown — பிரிட்டிஷ் ராயல் குடும்ப வரலாறு.",
      "Attack on Titan (Series) — மனிதன் vs டைட்டன், சஸ்பென்ஸ் நிரம்பிய கதை.",
      "House of the Dragon — காளைத் தாயின் பாரம்பரியம், டிராகன்களின் உலகம்.",
      "Loki — டைம்-வரியேஷன்கள், வித்தியாசமான நகைச்சுவை மற்றும் மர்மம்."
    ],
    "movies": [
      "The Dark Knight",
      "Inception",
      "Interstellar",
      "Fight Club",
      "The Shawshank Redemption",
      "Gladiator",
      "Parasite",
      "Whiplash",
      "The Social Network",
      "Spirited Away",
      "The Matrix",
      "Forrest Gump",
      "Mad Max: Fury Road",
      "Se7en",
      "The Lord of the Rings: The Return of the King"
    ],
    "anime": [
      "Attack on Titan",
      "Fullmetal Alchemist: Brotherhood",
      "Demon Slayer",
      "Jujutsu Kaisen",
      "Death Note",
      "Vinland Saga",
      "My Hero Academia",
      "Chainsaw Man",
      "Spy x Family",
      "One Punch Man",
      "Naruto: Shippuden",
      "One Piece",
      "Haikyuu!!",
      "Mob Psycho 100",
      "Code Geass"
    ],
    "routines": {
      "azilanDaily": [
        { "label": "Morning routine", "duration": "2h" },
        { "label": "Snacks", "duration": "15m" },
        { "label": "Playing", "duration": "45m" },
        { "label": "Study", "duration": "2h" },
        { "label": "Series", "duration": "1h" },
        { "label": "Eating", "duration": "1h" }
      ],
      "azilanSunday": [
        { "label": "Warm up", "duration": "15m" },
        { "label": "Running", "duration": "30m" },
        { "label": "Yoga", "duration": "45m" },
        { "label": "Fresh up", "duration": "15m" },
        { "label": "Breakfast", "duration": "20m" },
        { "label": "Series", "duration": "2h" },
        { "label": "Playing", "duration": "2h" },
        { "label": "Skill training", "duration": "2h" },
        { "label": "Playing", "duration": "1.5–2h" },
        { "label": "Kabaddi", "duration": "1h" },
        { "label": "Snacks", "duration": "1h" },
        { "label": "Study", "duration": "2.5h" },
        { "label": "Series", "duration": "1h" },
        { "label": "Eating", "duration": "1h" }
      ],
      "amzhaSunday": [
        { "label": "Wake up", "duration": "1:00" },
        { "label": "Tea", "duration": "1:00 to 1:30" },
        { "label": "Play", "duration": "1:30 to 2:00" },
        { "label": "Series", "duration": "2:00 to 4:00" },
        { "label": "Reels", "duration": "4:00 to 5:50" },
        { "label": "Tea", "duration": "5:50 to 6:00" },
        { "label": "Prayer", "duration": "6:00 to 6:25" },
        { "label": "Play", "duration": "6:25 to 7:00" },
        { "label": "Study", "duration": "7:00 to 8:25" },
        { "label": "Eating", "duration": "8:25 to 9:00" },
        { "label": "Song", "duration": "9:00 to 10:00" },
        { "label": "Sleeping", "duration": "10:00 to 5:00" }
      ]
    }
  },
  "activity": []
}
